{"cameraMode":{"drawMode":0,"name":"Shaded","section":"Shading Mode"},"sceneLighting":true,"audioPlay":false,"sceneViewState":{"m_AlwaysRefresh":false,"showFog":true,"showSkybox":true,"showFlares":true,"showImageEffects":true,"showParticleSystems":true,"showVisualEffectGraphs":true,"m_FxEnabled":true},"in2DMode":false,"pivot":{"x":-1.9258744716644288,"y":3.0146050453186037,"z":28.77926254272461},"rotation":{"x":0.14394913613796235,"y":0.32094115018844607,"z":-0.04995059594511986,"w":0.9345183372497559},"size":2.6578562259674074,"orthographic":false}