{"cameraMode":{"drawMode":0,"name":"Shaded","section":"Shading Mode"},"sceneLighting":false,"audioPlay":false,"sceneViewState":{"m_AlwaysRefresh":false,"showFog":true,"showSkybox":false,"showFlares":true,"showImageEffects":true,"showParticleSystems":true,"showVisualEffectGraphs":true,"m_FxEnabled":true},"in2DMode":false,"pivot":{"x":-2.4290077686309816,"y":3.6518917083740236,"z":4.890035629272461},"rotation":{"x":-0.0674368292093277,"y":0.004224846605211496,"z":0.00008156854164553806,"w":-0.9975317120552063},"size":0.8749799132347107,"orthographic":false}